Age,ChestPain,MaxHR,ExAng,Ca,Thal,AHD
63,typical,145,1,2,fixed,Yes
67,asymptomatic,160,0,1,normal,Yes
37,nonanginal,130,0,0,normal,No
41,nontypical,130,1,0,normal,No
56,nontypical,120,1,0,fixed,No
57,asymptomatic,140,0,1,reversable,Yes
57,asymptomatic,120,1,0,normal,Yes
44,nonanginal,120,0,0,normal,No
52,nonanginal,172,0,0,normal,No
57,asymptomatic,150,1,1,reversable,Yes
54,nontypical,140,0,0,normal,No
48,nonanginal,130,1,0,reversable,Yes
49,nontypical,130,0,0,normal,No
64,asymptomatic,110,1,1,reversable,Yes
58,asymptomatic,130,1,2,reversable,Yes
50,nonanginal,120,1,0,normal,No
58,nontypical,120,0,0,normal,No
66,asymptomatic,150,1,2,fixed,Yes
43,nontypical,140,0,0,normal,No
59,asymptomatic,130,1,1,reversable,Yes
35,nonanginal,150,0,0,normal,No
61,asymptomatic,140,1,1,reversable,Yes
40,nontypical,130,0,0,normal,No
55,nonanginal,135,1,0,normal,No
62,asymptomatic,160,1,2,reversable,Yes
47,nontypical,138,0,0,normal,No
53,nonanginal,128,1,0,normal,No
60,asymptomatic,145,1,2,reversable,Yes
39,nontypical,120,0,0,normal,No
68,asymptomatic,150,1,2,reversable,Yes
51,nonanginal,140,0,0,normal,No
45,nontypical,150,0,0,normal,No
65,asymptomatic,125,1,1,reversable,Yes
42,nonanginal,145,0,0,normal,No
58,asymptomatic,135,1,1,reversable,Yes
46,nontypical,120,0,0,normal,No
63,nonanginal,135,0,0,normal,No
52,asymptomatic,125,1,1,reversable,Yes
54,nonanginal,150,0,0,normal,No
59,nontypical,160,0,0,normal,No
62,asymptomatic,130,1,2,reversable,Yes
38,nontypical,140,0,0,normal,No
50,nonanginal,145,0,0,normal,No
67,asymptomatic,125,1,2,reversable,Yes
55,nontypical,155,0,0,normal,No
48,nonanginal,150,0,0,normal,No
60,asymptomatic,120,1,1,reversable,Yes
43,nontypical,135,0,0,normal,No
57,nonanginal,140,0,0,normal,No
64,asymptomatic,125,1,2,reversable,Yes
41,nontypical,150,0,0,normal,No
56,nonanginal,135,1,0,normal,No
61,asymptomatic,115,1,1,reversable,Yes
49,nontypical,145,0,0,normal,No
53,nonanginal,150,0,0,normal,No
66,asymptomatic,130,1,2,reversable,Yes
44,nontypical,140,0,0,normal,No
58,nonanginal,145,0,0,normal,No
62,asymptomatic,120,1,1,reversable,Yes
47,nontypical,150,0,0,normal,No
51,nonanginal,135,0,0,normal,No
65,asymptomatic,140,1,2,reversable,Yes
39,nontypical,145,0,0,normal,No
55,nonanginal,125,0,0,normal,No
63,asymptomatic,135,1,1,reversable,Yes
45,nontypical,160,0,0,normal,No
52,nonanginal,140,0,0,normal,No
68,asymptomatic,120,1,2,reversable,Yes
42,nontypical,130,0,0,normal,No
57,nonanginal,150,0,0,normal,No
60,asymptomatic,135,1,1,reversable,Yes
46,nontypical,145,0,0,normal,No
54,nonanginal,140,0,0,normal,No
61,asymptomatic,125,1,2,reversable,Yes
40,nontypical,150,0,0,normal,No
58,nonanginal,130,0,0,normal,No
64,asymptomatic,140,1,1,reversable,Yes
48,nontypical,135,0,0,normal,No
53,nonanginal,145,0,0,normal,No
67,asymptomatic,135,1,2,reversable,Yes
43,nontypical,155,0,0,normal,No
59,nonanginal,140,0,0,normal,No
62,asymptomatic,145,1,1,reversable,Yes
50,nontypical,150,0,0,normal,No
56,nonanginal,130,0,0,normal,No
65,asymptomatic,130,1,2,reversable,Yes
41,nontypical,140,0,0,normal,No
60,nonanginal,135,0,0,normal,No
63,asymptomatic,125,1,1,reversable,Yes
47,nontypical,150,0,0,normal,No
52,nonanginal,140,0,0,normal,No
68,asymptomatic,135,1,2,reversable,Yes
39,nontypical,155,0,0,normal,No
55,nonanginal,145,0,0,normal,No
61,asymptomatic,130,1,1,reversable,Yes
45,nontypical,140,0,0,normal,No
58,nonanginal,150,0,0,normal,No
66,asymptomatic,125,1,2,reversable,Yes
42,nontypical,145,0,0,normal,No
54,nonanginal,135,0,0,normal,No
62,asymptomatic,140,1,1,reversable,Yes
49,nontypical,150,0,0,normal,No
57,nonanginal,130,0,0,normal,No
64,asymptomatic,135,1,2,reversable,Yes
46,nontypical,155,0,0,normal,No
51,nonanginal,145,0,0,normal,No
67,asymptomatic,130,1,1,reversable,Yes
40,nontypical,150,0,0,normal,No
59,nonanginal,135,0,0,normal,No
63,asymptomatic,140,1,2,reversable,Yes
48,nontypical,145,0,0,normal,No
53,nonanginal,150,0,0,normal,No
65,asymptomatic,125,1,1,reversable,Yes
44,nontypical,135,0,0,normal,No
60,nonanginal,145,0,0,normal,No
68,asymptomatic,130,1,2,reversable,Yes
41,nontypical,155,0,0,normal,No
56,nonanginal,140,0,0,normal,No
62,asymptomatic,135,1,1,reversable,Yes
47,nontypical,150,0,0,normal,No
54,nonanginal,130,0,0,normal,No
66,asymptomatic,140,1,2,reversable,Yes
39,nontypical,145,0,0,normal,No
58,nonanginal,135,0,0,normal,No
61,asymptomatic,125,1,1,reversable,Yes
45,nontypical,150,0,0,normal,No
52,nonanginal,145,0,0,normal,No
67,asymptomatic,135,1,2,reversable,Yes
43,nontypical,140,0,0,normal,No
59,nonanginal,150,0,0,normal,No
64,asymptomatic,130,1,1,reversable,Yes
50,nontypical,145,0,0,normal,No
55,nonanginal,140,0,0,normal,No
63,asymptomatic,135,1,2,reversable,Yes
42,nontypical,150,0,0,normal,No
60,nonanginal,130,0,0,normal,No
65,asymptomatic,140,1,1,reversable,Yes
48,nontypical,155,0,0,normal,No
53,nonanginal,135,0,0,normal,No
68,asymptomatic,125,1,2,reversable,Yes
40,nontypical,145,0,0,normal,No
57,nonanginal,150,0,0,normal,No
62,asymptomatic,130,1,1,reversable,Yes
46,nontypical,140,0,0,normal,No
54,nonanginal,145,0,0,normal,No
66,asymptomatic,135,1,2,reversable,Yes
39,nontypical,150,0,0,normal,No
58,nonanginal,140,0,0,normal,No
61,asymptomatic,130,1,1,reversable,Yes
45,nontypical,145,0,0,normal,No
52,nonanginal,150,0,0,normal,No
67,asymptomatic,125,1,2,reversable,Yes
43,nontypical,155,0,0,normal,No
59,nonanginal,135,0,0,normal,No
64,asymptomatic,140,1,1,reversable,Yes
50,nontypical,150,0,0,normal,No
56,nonanginal,145,0,0,normal,No
63,asymptomatic,130,1,2,reversable,Yes
41,nontypical,140,0,0,normal,No
60,nonanginal,150,0,0,normal,No
65,asymptomatic,135,1,1,reversable,Yes
47,nontypical,145,0,0,normal,No
54,nonanginal,140,0,0,normal,No
68,asymptomatic,130,1,2,reversable,Yes
40,nontypical,150,0,0,normal,No
57,nonanginal,135,0,0,normal,No
62,asymptomatic,140,1,1,reversable,Yes
46,nontypical,155,0,0,normal,No
53,nonanginal,145,0,0,normal,No
66,asymptomatic,125,1,2,reversable,Yes
39,nontypical,140,0,0,normal,No
58,nonanginal,150,0,0,normal,No
61,asymptomatic,135,1,1,reversable,Yes
45,nontypical,145,0,0,normal,No
52,nonanginal,140,0,0,normal,No
67,asymptomatic,130,1,2,reversable,Yes
43,nontypical,150,0,0,normal,No
59,nonanginal,135,0,0,normal,No
64,asymptomatic,145,1,1,reversable,Yes
50,nontypical,140,0,0,normal,No
55,nonanginal,150,0,0,normal,No
63,asymptomatic,130,1,2,reversable,Yes
42,nontypical,145,0,0,normal,No
60,nonanginal,140,0,0,normal,No
65,asymptomatic,135,1,1,reversable,Yes
48,nontypical,150,0,0,normal,No
54,nonanginal,145,0,0,normal,No
68,asymptomatic,130,1,2,reversable,Yes
41,nontypical,155,0,0,normal,No
56,nonanginal,135,0,0,normal,No
62,asymptomatic,140,1,1,reversable,Yes
47,nontypical,145,0,0,normal,No
53,nonanginal,150,0,0,normal,No
66,asymptomatic,125,1,2,reversable,Yes
39,nontypical,140,0,0,normal,No
58,nonanginal,145,0,0,normal,No
61,asymptomatic,130,1,1,reversable,Yes
45,nontypical,150,0,0,normal,No
52,nonanginal,135,0,0,normal,No
67,asymptomatic,140,1,2,reversable,Yes
43,nontypical,145,0,0,normal,No
59,nonanginal,150,0,0,normal,No
64,asymptomatic,135,1,1,reversable,Yes
50,nontypical,155,0,0,normal,No
55,nonanginal,140,0,0,normal,No
63,asymptomatic,130,1,2,reversable,Yes
42,nontypical,150,0,0,normal,No
60,nonanginal,145,0,0,normal,No
65,asymptomatic,135,1,1,reversable,Yes
48,nontypical,140,0,0,normal,No
54,nonanginal,150,0,0,normal,No
68,asymptomatic,125,1,2,reversable,Yes
40,nontypical,145,0,0,normal,No
57,nonanginal,140,0,0,normal,No
62,asymptomatic,130,1,1,reversable,Yes
46,nontypical,150,0,0,normal,No
53,nonanginal,135,0,0,normal,No
66,asymptomatic,140,1,2,reversable,Yes
39,nontypical,155,0,0,normal,No
58,nonanginal,145,0,0,normal,No
61,asymptomatic,130,1,1,reversable,Yes
45,nontypical,140,0,0,normal,No
52,nonanginal,150,0,0,normal,No
67,asymptomatic,135,1,2,reversable,Yes
43,nontypical,145,0,0,normal,No
59,nonanginal,140,0,0,normal,No
64,asymptomatic,130,1,1,reversable,Yes
50,nontypical,150,0,0,normal,No
56,nonanginal,135,0,0,normal,No
63,asymptomatic,140,1,2,reversable,Yes
41,nontypical,145,0,0,normal,No
60,nonanginal,150,0,0,normal,No
65,asymptomatic,130,1,1,reversable,Yes
47,nontypical,155,0,0,normal,No
54,nonanginal,140,0,0,normal,No
68,asymptomatic,135,1,2,reversable,Yes
40,nontypical,150,0,0,normal,No
57,nonanginal,145,0,0,normal,No
62,asymptomatic,130,1,1,reversable,Yes
46,nontypical,140,0,0,normal,No
53,nonanginal,150,0,0,normal,No
66,asymptomatic,135,1,2,reversable,Yes
39,nontypical,145,0,0,normal,No
58,nonanginal,140,0,0,normal,No
61,asymptomatic,130,1,1,reversable,Yes
45,nontypical,150,0,0,normal,No
52,nonanginal,145,0,0,normal,No
67,asymptomatic,135,1,2,reversable,Yes
43,nontypical,140,0,0,normal,No
59,nonanginal,150,0,0,normal,No
64,asymptomatic,130,1,1,reversable,Yes
50,nontypical,145,0,0,normal,No
55,nonanginal,135,0,0,normal,No
63,asymptomatic,140,1,2,reversable,Yes
42,nontypical,150,0,0,normal,No
60,nonanginal,145,0,0,normal,No
65,asymptomatic,130,1,1,reversable,Yes
48,nontypical,155,0,0,normal,No
54,nonanginal,140,0,0,normal,No
68,asymptomatic,135,1,2,reversable,Yes
41,nontypical,150,0,0,normal,No
56,nonanginal,145,0,0,normal,No
62,asymptomatic,130,1,1,reversable,Yes
47,nontypical,140,0,0,normal,No
53,nonanginal,150,0,0,normal,No
66,asymptomatic,135,1,2,reversable,Yes
39,nontypical,145,0,0,normal,No
58,nonanginal,140,0,0,normal,No
61,asymptomatic,130,1,1,reversable,Yes
45,nontypical,150,0,0,normal,No
52,nonanginal,135,0,0,normal,No
67,asymptomatic,140,1,2,reversable,Yes
43,nontypical,145,0,0,normal,No
59,nonanginal,150,0,0,normal,No
64,asymptomatic,130,1,1,reversable,Yes
50,nontypical,155,0,0,normal,No
55,nonanginal,140,0,0,normal,No
63,asymptomatic,135,1,2,reversable,Yes
42,nontypical,150,0,0,normal,No
60,nonanginal,145,0,0,normal,No
65,asymptomatic,130,1,1,reversable,Yes
48,nontypical,140,0,0,normal,No
54,nonanginal,150,0,0,normal,No
68,asymptomatic,135,1,2,reversable,Yes
40,nontypical,145,0,0,normal,No
57,nonanginal,140,0,0,normal,No
62,asymptomatic,130,1,1,reversable,Yes
46,nontypical,150,0,0,normal,No
53,nonanginal,135,0,0,normal,No
66,asymptomatic,140,1,2,reversable,Yes
39,nontypical,145,0,0,normal,No
58,nonanginal,150,0,0,normal,No
61,asymptomatic,130,1,1,reversable,Yes
45,nontypical,155,0,0,normal,No
52,nonanginal,140,0,0,normal,No
67,asymptomatic,135,1,2,reversable,Yes
43,nontypical,150,0,0,normal,No
59,nonanginal,145,0,0,normal,No
64,asymptomatic,130,1,1,reversable,Yes
50,nontypical,140,0,0,normal,No
55,nonanginal,150,0,0,normal,No
63,asymptomatic,135,1,2,reversable,Yes
42,nontypical,145,0,0,normal,No
60,nonanginal,140,0,0,normal,No
65,asymptomatic,130,1,1,reversable,Yes
48,nontypical,150,0,0,normal,No
54,nonanginal,145,0,0,normal,No
68,asymptomatic,135,1,2,reversable,Yes
41,nontypical,140,0,0,normal,No
56,nonanginal,150,0,0,normal,No
62,asymptomatic,130,1,1,reversable,Yes
47,nontypical,145,0,0,normal,No
53,nonanginal,140,0,0,normal,No
66,asymptomatic,135,1,2,reversable,Yes
39,nontypical,150,0,0,normal,No
58,nonanginal,145,0,0,normal,No
61,asymptomatic,130,1,1,reversable,Yes
45,nontypical,140,0,0,normal,No
52,nonanginal,150,0,0,normal,No
67,asymptomatic,135,1,2,reversable,Yes
43,nontypical,145,0,0,normal,No
59,nonanginal,140,0,0,normal,No
64,asymptomatic,130,1,1,reversable,Yes
50,nontypical,150,0,0,normal,No
55,nonanginal,145,0,0,normal,No
63,asymptomatic,135,1,2,reversable,Yes
42,nontypical,140,0,0,normal,No
60,nonanginal,150,0,0,normal,No
65,asymptomatic,130,1,1,reversable,Yes
48,nontypical,145,0,0,normal,No
54,nonanginal,140,0,0,normal,No
68,asymptomatic,135,1,2,reversable,Yes
40,nontypical,150,0,0,normal,No
57,nonanginal,145,0,0,normal,No
62,asymptomatic,130,1,1,reversable,Yes
46,nontypical,140,0,0,normal,No
53,nonanginal,150,0,0,normal,No
66,asymptomatic,135,1,2,reversable,Yes
39,nontypical,145,0,0,normal,No
58,nonanginal,140,0,0,normal,No
61,asymptomatic,130,1,1,reversable,Yes
45,nontypical,150,0,0,normal,No
52,nonanginal,145,0,0,normal,No
67,asymptomatic,135,1,2,reversable,Yes
43,nontypical,140,0,0,normal,No
59,nonanginal,150,0,0,normal,No
64,asymptomatic,130,1,1,reversable,Yes
50,nontypical,145,0,0,normal,No
55,nonanginal,140,0,0,normal,No
63,asymptomatic,135,1,2,reversable,Yes
42,nontypical,150,0,0,normal,No
60,nonanginal,145,0,0,normal,No
65,asymptomatic,130,1,1,reversable,Yes
48,nontypical,140,0,0,normal,No
54,nonanginal,150,0,0,normal,No
68,asymptomatic,135,1,2,reversable,Yes
41,nontypical,145,0,0,normal,No
56,nonanginal,140,0,0,normal,No
62,asymptomatic,130,1,1,reversable,Yes
47,nontypical,150,0,0,normal,No
53,nonanginal,145,0,0,normal,No
66,asymptomatic,135,1,2,reversable,Yes
39,nontypical,140,0,0,normal,No
58,nonanginal,150,0,0,normal,No
61,asymptomatic,130,1,1,reversable,Yes
45,nontypical,145,0,0,normal,No
52,nonanginal,140,0,0,normal,No
67,asymptomatic,135,1,2,reversable,Yes
43,nontypical,150,0,0,normal,No
59,nonanginal,145,0,0,normal,No
64,asymptomatic,130,1,1,reversable,Yes
50,nontypical,140,0,0,normal,No
55,nonanginal,150,0,0,normal,No
63,asymptomatic,135,1,2,reversable,Yes
42,nontypical,145,0,0,normal,No
60,nonanginal,140,0,0,normal,No
65,asymptomatic,130,1,1,reversable,Yes
48,nontypical,150,0,0,normal,No
54,nonanginal,145,0,0,normal,No
68,asymptomatic,135,1,2,reversable,Yes
40,nontypical,140,0,0,normal,No
57,nonanginal,150,0,0,normal,No
62,asymptomatic,135,1,1,reversable,Yes
46,nontypical,145,0,0,normal,No
53,nonanginal,140,0,0,normal,No
66,asymptomatic,130,1,2,reversable,Yes
39,nontypical,150,0,0,normal,No
58,nonanginal,145,0,0,normal,No
61,asymptomatic,135,1,1,reversable,Yes
45,nontypical,140,0,0,normal,No
52,nonanginal,150,0,0,normal,No
67,asymptomatic,130,1,2,reversable,Yes
43,nontypical,145,0,0,normal,No
59,nonanginal,140,0,0,normal,No
64,asymptomatic,135,1,1,reversable,Yes
50,nontypical,150,0,0,normal,No
55,nonanginal,145,0,0,normal,No
63,asymptomatic,130,1,2,reversable,Yes
42,nontypical,140,0,0,normal,No
60,nonanginal,150,0,0,normal,No
65,asymptomatic,135,1,1,reversable,Yes
48,nontypical,145,0,0,normal,No
54,nonanginal,140,0,0,normal,No
68,asymptomatic,130,1,2,reversable,Yes
41,nontypical,150,0,0,normal,No
56,nonanginal,145,0,0,normal,No
62,asymptomatic,135,1,1,reversable,Yes
47,nontypical,140,0,0,normal,No
53,nonanginal,150,0,0,normal,No
66,asymptomatic,130,1,2,reversable,Yes
39,nontypical,145,0,0,normal,No
58,nonanginal,140,0,0,normal,No
61,asymptomatic,135,1,1,reversable,Yes
45,nontypical,150,0,0,normal,No
52,nonanginal,145,0,0,normal,No
67,asymptomatic,130,1,2,reversable,Yes
43,nontypical,140,0,0,normal,No
59,nonanginal,150,0,0,normal,No
64,asymptomatic,135,1,1,reversable,Yes
50,nontypical,145,0,0,normal,No
55,nonanginal,140,0,0,normal,No
63,asymptomatic,130,1,2,reversable,Yes
42,nontypical,150,0,0,normal,No
60,nonanginal,145,0,0,normal,No
65,asymptomatic,135,1,1,reversable,Yes
48,nontypical,140,0,0,normal,No
54,nonanginal,150,0,0,normal,No
68,asymptomatic,135,1,2,reversable,Yes
40,nontypical,145,0,0,normal,No
57,nonanginal,140,0,0,normal,No
62,asymptomatic,130,1,1,reversable,Yes
46,nontypical,150,0,0,normal,No
53,nonanginal,145,0,0,normal,No
66,asymptomatic,135,1,2,reversable,Yes
39,nontypical,140,0,0,normal,No
58,nonanginal,150,0,0,normal,No
61,asymptomatic,130,1,1,reversable,Yes
45,nontypical,145,0,0,normal,No
52,nonanginal,140,0,0,normal,No
67,asymptomatic,135,1,2,reversable,Yes
43,nontypical,150,0,0,normal,No
59,nonanginal,145,0,0,normal,No
64,asymptomatic,130,1,1,reversable,Yes
50,nontypical,140,0,0,normal,No
55,nonanginal,150,0,0,normal,No
63,asymptomatic,135,1,2,reversable,Yes
42,nontypical,145,0,0,normal,No
60,nonanginal,140,0,0,normal,No
65,asymptomatic,130,1,1,reversable,Yes
48,nontypical,150,0,0,normal,No
54,nonanginal,145,0,0,normal,No
68,asymptomatic,135,1,2,reversable,Yes
41,nontypical,140,0,0,normal,No
56,nonanginal,150,0,0,normal,No
62,asymptomatic,130,1,1,reversable,Yes
47,nontypical,145,0,0,normal,No
53,nonanginal,140,0,0,normal,No
66,asymptomatic,135,1,2,reversable,Yes
39,nontypical,150,0,0,normal,No
58,nonanginal,145,0,0,normal,No
61,asymptomatic,130,1,1,reversable,Yes
45,nontypical,140,0,0,normal,No
52,nonanginal,150,0,0,normal,No
67,asymptomatic,135,1,2,reversable,Yes
43,nontypical,145,0,0,normal,No
59,nonanginal,140,0,0,normal,No
64,asymptomatic,130,1,1,reversable,Yes
50,nontypical,150,0,0,normal,No
55,nonanginal,145,0,0,normal,No
63,asymptomatic,135,1,2,reversable,Yes
42,nontypical,140,0,0,normal,No
60,nonanginal,150,0,0,normal,No
65,asymptomatic,130,1,1,reversable,Yes
48,nontypical,145,0,0,normal,No
54,nonanginal,140,0,0,normal,No
68,asymptomatic,135,1,2,reversable,Yes
40,nontypical,150,0,0,normal,No
57,nonanginal,145,0,0,normal,No
62,asymptomatic,130,1,1,reversable,Yes
46,nontypical,140,0,0,normal,No
53,nonanginal,150,0,0,normal,No
66,asymptomatic,135,1,2,reversable,Yes
39,nontypical,145,0,0,normal,No
58,nonanginal,140,0,0,normal,No
61,asymptomatic,130,1,1,reversable,Yes
45,nontypical,150,0,0,normal,No
52,nonanginal,145,0,0,normal,No
67,asymptomatic,130,1,2,reversable,Yes
43,nontypical,140,0,0,normal,No
59,nonanginal,150,0,0,normal,No
64,asymptomatic,135,1,1,reversable,Yes
50,nontypical,145,0,0,normal,No
55,nonanginal,140,0,0,normal,No
63,asymptomatic,130,1,2,reversable,Yes
42,nontypical,150,0,0,normal,No
60,nonanginal,145,0,0,normal,No
65,asymptomatic,135,1,1,reversable,Yes
48,nontypical,140,0,0,normal,No
54,nonanginal,150,0,0,normal,No
68,asymptomatic,130,1,2,reversable,Yes
41,nontypical,145,0,0,normal,No
56,nonanginal,140,0,0,normal,No
62,asymptomatic,135,1,1,reversable,Yes
47,nontypical,150,0,0,normal,No
53,nonanginal,145,0,0,normal,No
66,asymptomatic,130,1,2,reversable,Yes
39,nontypical,140,0,0,normal,No
58,nonanginal,150,0,0,normal,No
61,asymptomatic,135,1,1,reversable,Yes
45,nontypical,145,0,0,normal,No
52,nonanginal,140,0,0,normal,No
67,asymptomatic,130,1,2,reversable,Yes
43,nontypical,150,0,0,normal,No
59,nonanginal,145,0,0,normal,No
64,asymptomatic,130,1,1,reversable,Yes
50,nontypical,140,0,0,normal,No
55,nonanginal,150,0,0,normal,No
63,asymptomatic,135,1,2,reversable,Yes
42,nontypical,145,0,0,normal,No
60,nonanginal,140,0,0,normal,No
65,asymptomatic,130,1,1,reversable,Yes
48,nontypical,150,0,0,normal,No
54,nonanginal,145,0,0,normal,No
68,asymptomatic,135,1,2,reversable,Yes
40,nontypical,140,0,0,normal,No
57,nonanginal,150,0,0,normal,No
62,asymptomatic,130,1,1,reversable,Yes
46,nontypical,145,0,0,normal,No
53,nonanginal,140,0,0,normal,No
66,asymptomatic,135,1,2,reversable,Yes
39,nontypical,150,0,0,normal,No
58,nonanginal,145,0,0,normal,No
61,asymptomatic,130,1,1,reversable,Yes
45,nontypical,140,0,0,normal,No
52,nonanginal,150,0,0,normal,No
67,asymptomatic,135,1,2,reversable,Yes
43,nontypical,145,0,0,normal,No
59,nonanginal,140,0,0,normal,No
64,asymptomatic,130,1,1,reversable,Yes
50,nontypical,150,0,0,normal,No
55,nonanginal,145,0,0,normal,No
63,asymptomatic,130,1,2,reversable,Yes
42,nontypical,140,0,0,normal,No
60,nonanginal,150,0,0,normal,No
65,asymptomatic,135,1,1,reversable,Yes
48,nontypical,145,0,0,normal,No
54,nonanginal,140,0,0,normal,No
68,asymptomatic,130,1,2,reversable,Yes
41,nontypical,150,0,0,normal,No
56,nonanginal,145,0,0,normal,No
62,asymptomatic,135,1,1,reversable,Yes
47,nontypical,140,0,0,normal,No
53,nonanginal,150,0,0,normal,No
66,asymptomatic,130,1,2,reversable,Yes
39,nontypical,145,0,0,normal,No
58,nonanginal,140,0,0,normal,No
61,asymptomatic,135,1,1,reversable,Yes
45,nontypical,150,0,0,normal,No
52,nonanginal,145,0,0,normal,No
67,asymptomatic,130,1,2,reversable,Yes
43,nontypical,140,0,0,normal,No
59,nonanginal,150,0,0,normal,No
64,asymptomatic,135,1,1,reversable,Yes
50,nontypical,145,0,0,normal,No
55,nonanginal,140,0,0,normal,No
63,asymptomatic,130,1,2,reversable,Yes
42,nontypical,150,0,0,normal,No
60,nonanginal,145,0,0,normal,No
65,asymptomatic,135,1,1,reversable,Yes
48,nontypical,140,0,0,normal,No
54,nonanginal,150,0,0,normal,No
68,asymptomatic,130,1,2,reversable,Yes
41,nontypical,145,0,0,normal,No
56,nonanginal,140,0,0,normal,No
62,asymptomatic,135,1,1,reversable,Yes
47,nontypical,150,0,0,normal,No
53,nonanginal,145,0,0,normal,No
66,asymptomatic,130,1,2,reversable,Yes
39,nontypical,140,0,0,normal,No
58,nonanginal,150,0,0,normal,No
61,asymptomatic,135,1,1,reversable,Yes
45,nontypical,145,0,0,normal,No
52,nonanginal,140,0,0,normal,No
67,asymptomatic,130,1,2,reversable,Yes
43,nontypical,150,0,0,normal,No
59,nonanginal,145,0,0,normal,No
64,asymptomatic,130,1,1,reversable,Yes
50,nontypical,140,0,0,normal,No
55,nonanginal,150,0,0,normal,No
63,asymptomatic,135,1,2,reversable,Yes
42,nontypical,145,0,0,normal,No
60,nonanginal,140,0,0,normal,No
65,asymptomatic,130,1,1,reversable,Yes
48,nontypical,150,0,0,normal,No
54,nonanginal,145,0,0,normal,No
68,asymptomatic,135,1,2,reversable,Yes
40,nontypical,140,0,0,normal,No
57,nonanginal,150,0,0,normal,No
62,asymptomatic,130,1,1,reversable,Yes
46,nontypical,145,0,0,normal,No
53,nonanginal,140,0,0,normal,No
66,asymptomatic,135,1,2,reversable,Yes
39,nontypical,150,0,0,normal,No
58,nonanginal,145,0,0,normal,No
61,asymptomatic,130,1,1,reversable,Yes
45,nontypical,140,0,0,normal,No
52,nonanginal,150,0,0,normal,No
67,asymptomatic,135,1,2,reversable,Yes
43,nontypical,145,0,0,normal,No
59,nonanginal,140,0,0,normal,No
64,asymptomatic,130,1,1,reversable,Yes
50,nontypical,150,0,0,normal,No
55,nonanginal,145,0,0,normal,No
63,asymptomatic,130,1,2,reversable,Yes
42,nontypical,140,0,0,normal,No
60,nonanginal,150,0,0,normal,No
65,asymptomatic,135,1,1,reversable,Yes
48,nontypical,145,0,0,normal,No
54,nonanginal,140,0,0,normal,No
68,asymptomatic,130,1,2,reversable,Yes
41,nontypical,150,0,0,normal,No
56,nonanginal,145,0,0,normal,No
62,asymptomatic,135,1,1,reversable,Yes
47,nontypical,140,0,0,normal,No
53,nonanginal,150,0,0,normal,No
66,asymptomatic,130,1,2,reversable,Yes
39,nontypical,145,0,0,normal,No
58,nonanginal,140,0,0,normal,No
61,asymptomatic,135,1,1,reversable,Yes
45,nontypical,150,0,0,normal,No
52,nonanginal,145,0,0,normal,No
67,asymptomatic,130,1,2,reversable,Yes
43,nontypical,140,0,0,normal,No
59,nonanginal,150,0,0,normal,No
64,asymptomatic,135,1,1,reversable,Yes
50,nontypical,145,0,0,normal,No
55,nonanginal,140,0,0,normal,No
63,asymptomatic,130,1,2,reversable,Yes
42,nontypical,150,0,0,normal,No
60,nonanginal,145,0,0,normal,No
65,asymptomatic,135,1,1,reversable,Yes
48,nontypical,140,0,0,normal,No
54,nonanginal,150,0,0,normal,No
68,asymptomatic,130,1,2,reversable,Yes
40,nontypical,145,0,0,normal,No
57,nonanginal,140,0,0,normal,No
62,asymptomatic,135,1,1,reversable,Yes
46,nontypical,150,0,0,normal,No
53,nonanginal,145,0,0,normal,No
66,asymptomatic,130,1,2,reversable,Yes
39,nontypical,140,0,0,normal,No
58,nonanginal,150,0,0,normal,No
61,asymptomatic,135,1,1,reversable,Yes
45,nontypical,145,0,0,normal,No
52,nonanginal,140,0,0,normal,No
67,asymptomatic,130,1,2,reversable,Yes
43,nontypical,150,0,0,normal,No
59,nonanginal,145,0,0,normal,No
64,asymptomatic,130,1,1,reversable,Yes
50,nontypical,140,0,0,normal,No
55,nonanginal,150,0,0,normal,No
63,asymptomatic,135,1,2,reversable,Yes
42,nontypical,145,0,0,normal,No
60,nonanginal,140,0,0,normal,No
65,asymptomatic,130,1,1,reversable,Yes
48,nontypical,150,0,0,normal,No
54,nonanginal,145,0,0,normal,No
68,asymptomatic,135,1,2,reversable,Yes
41,nontypical,140,0,0,normal,No
56,nonanginal,150,0,0,normal,No
62,asymptomatic,130,1,1,reversable,Yes
47,nontypical,145,0,0,normal,No
53,nonanginal,140,0,0,normal,No
66,asymptomatic,135,1,2,reversable,Yes
39,nontypical,150,0,0,normal,No
58,nonanginal,145,0,0,normal,No
61,asymptomatic,130,1,1,reversable,Yes
45,nontypical,140,0,0,normal,No
52,nonanginal,150,0,0,normal,No
67,asymptomatic,135,1,2,reversable,Yes
43,nontypical,145,0,0,normal,No
59,nonanginal,140,0,0,normal,No
64,asymptomatic,130,1,1,reversable,Yes
50,nontypical,150,0,0,normal,No
55,nonanginal,145,0,0,normal,No
63,asymptomatic,130,1,2,reversable,Yes
42,nontypical,140,0,0,normal,No
60,nonanginal,150,0,0,normal,No
65,asymptomatic,135,1,1,reversable,Yes
48,nontypical,145,0,0,normal,No
54,nonanginal,140,0,0,normal,No
68,asymptomatic,130,1,2,reversable,Yes
41,nontypical,150,0,0,normal,No
56,nonanginal,145,0,0,normal,No
62,asymptomatic,135,1,1,reversable,Yes
47,nontypical,140,0,0,normal,No
53,nonanginal,150,0,0,normal,No
66,asymptomatic,130,1,2,reversable,Yes
39,nontypical,145,0,0,normal,No
58,nonanginal,140,0,0,normal,No
61,asymptomatic,135,1,1,reversable,Yes
45,nontypical,150,0,0,normal,No
52,nonanginal,145,0,0,normal,No
67,asymptomatic,130,1,2,reversable,Yes
43,nontypical,140,0,0,normal,No
59,nonanginal,150,0,0,normal,No
64,asymptomatic,135,1,1,reversable,Yes
50,nontypical,145,0,0,normal,No
55,nonanginal,140,0,0,normal,No
63,asymptomatic,130,1,2,reversable,Yes
42,nontypical,150,0,0,normal,No
60,nonanginal,145,0,0,normal,No
65,asymptomatic,135,1,1,reversable,Yes
48,nontypical,140,0,0,normal,No
54,nonanginal,150,0,0,normal,No
68,asymptomatic,130,1,2,reversable,Yes
40,nontypical,145,0,0,normal,No
57,nonanginal,140,0,0,normal,No
62,asymptomatic,135,1,1,reversable,Yes
46,nontypical,150,0,0,normal,No
53,nonanginal,145,0,0,normal,No
66,asymptomatic,130,1,2,reversable,Yes
39,nontypical,140,0,0,normal,No
58,nonanginal,150,0,0,normal,No
61,asymptomatic,135,1,1,reversable,Yes
45,nontypical,145,0,0,normal,No
52,nonanginal,140,0,0,normal,No
67,asymptomatic,130,1,2,reversable,Yes
43,nontypical,150,0,0,normal,No
59,nonanginal,145,0,0,normal,No
64,asymptomatic,130,1,1,reversable,Yes
50,nontypical,140,0,0,normal,No
55,nonanginal,150,0,0,normal,No
63,asymptomatic,135,1,2,reversable,Yes
42,nontypical,145,0,0,normal,No
60,nonanginal,140,0,0,normal,No
65,asymptomatic,130,1,1,reversable,Yes
48,nontypical,150,0,0,normal,No
54,nonanginal,145,0,0,normal,No
68,asymptomatic,135,1,2,reversable,Yes
41,nontypical,140,0,0,normal,No
56,nonanginal,150,0,0,normal,No
62,asymptomatic,130,1,1,reversable,Yes
47,nontypical,145,0,0,normal,No
53,nonanginal,140,0,0,normal,No
66,asymptomatic,135,1,2,reversable,Yes
39,nontypical,150,0,0,normal,No
58,nonanginal,145,0,0,normal,No
61,asymptomatic,130,1,1,reversable,Yes
45,nontypical,140,0,0,normal,No
52,nonanginal,150,0,0,normal,No
67,asymptomatic,135,1,2,reversable,Yes
43,nontypical,145,0,0,normal,No
59,nonanginal,140,0,0,normal,No
64,asymptomatic,130,1,1,reversable,Yes
50,nontypical,150,0,0,normal,No
55,nonanginal,145,0,0,normal,No
63,asymptomatic,130,1,2,reversable,Yes
42,nontypical,140,0,0,normal,No
60,nonanginal,150,0,0,normal,No
65,asymptomatic,135,1,1,reversable,Yes
48,nontypical,145,0,0,normal,No
54,nonanginal,140,0,0,normal,No
68,asymptomatic,130,1,2,reversable,Yes
41,nontypical,150,0,0,normal,No
56,nonanginal,145,0,0,normal,No
62,asymptomatic,135,1,1,reversable,Yes
47,nontypical,140,0,0,normal,No
53,nonanginal,150,0,0,normal,No
66,asymptomatic,130,1,2,reversable,Yes
39,nontypical,145,0,0,normal,No
58,nonanginal,140,0,0,normal,No
61,asymptomatic,135,1,1,reversable,Yes
45,nontypical,150,0,0,normal,No
52,nonanginal,145,0,0,normal,No
67,asymptomatic,130,1,2,reversable,Yes
43,nontypical,140,0,0,normal,No
59,nonanginal,150,0,0,normal,No
64,asymptomatic,135,1,1,reversable,Yes
50,nontypical,145,0,0,normal,No
55,nonanginal,140,0,0,normal,No
63,asymptomatic,130,1,2,reversable,Yes
42,nontypical,150,0,0,normal,No
60,nonanginal,145,0,0,normal,No
65,asymptomatic,135,1,1,reversable,Yes
48,nontypical,140,0,0,normal,No
54,nonanginal,150,0,0,normal,No
68,asymptomatic,130,1,2,reversable,Yes
40,nontypical,145,0,0,normal,No
57,nonanginal,140,0,0,normal,No
62,asymptomatic,135,1,1,reversable,Yes
46,nontypical,150,0,0,normal,No
53,nonanginal,145,0,0,normal,No
66,asymptomatic,130,1,2,reversable,Yes
39,nontypical,140,0,0,normal,No
58,nonanginal,150,0,0,normal,No
61,asymptomatic,135,1,1,reversable,Yes
45,nontypical,145,0,0,normal,No
52,nonanginal,140,0,0,normal,No
67,asymptomatic,130,1,2,reversable,Yes
43,nontypical,150,0,0,normal,No
59,nonanginal,145,0,0,normal,No
64,asymptomatic,130,1,1,reversable,Yes
50,nontypical,140,0,0,normal,No
55,nonanginal,150,0,0,normal,No
63,asymptomatic,135,1,2,reversable,Yes
42,nontypical,145,0,0,normal,No
60,nonanginal,140,0,0,normal,No
65,asymptomatic,130,1,1,reversable,Yes
